profil,station_m,Q_m3s,z_fond_m,z_eau_m,Je,Rh_m,h_m
1,1970.1,25.0,440.99,442.42,0.004214,0.81,0.84
2,1893.37,25.0,440.73,442.24,0.002163,0.89,0.92
3,1844.45,25.0,440.22,442.08,0.003289,0.81,0.86
4,1792.45,25.0,440.55,441.96,0.002028,0.86,0.91
5,1720.33,25.0,440.07,441.82,0.002164,0.91,0.95
6,1654.74,25.0,440.05,441.69,0.001576,0.87,0.9
7,1593.11,25.0,439.9,441.6,0.001532,0.97,1.02
8,1531.21,25.0,439.76,441.52,0.001333,0.9,0.93
9,1463.19,25.0,439.62,441.42,0.001916,0.82,0.84
10,1404.77,25.0,439.43,441.33,0.001278,1.09,1.14
11,1355.21,25.0,439.02,441.27,0.001181,1.12,1.19
12,1295.1,25.0,438.72,441.21,0.000967,1.11,1.17
13,1220.25,25.0,438.88,441.16,0.000688,1.24,1.29
14,1156.2,25.0,438.75,441.1,0.000841,1.24,1.3
15,1083.95,25.0,438.6,441.02,0.000891,1.36,1.51
16,1080.0,25.0,438.49,441.02,0.000736,1.43,1.59
